Sex,Year,Estimated incidence rate of new HIV infection per 1 000 uninfected population,Estimated number of annual new HIV infections,Estimated number of people living with HIV
Female,1990,0.64,500,860
Male,1990,0.15,100,200
Female,1991,0.75,500,1100
Male,1991,0.17,200,500
Female,1992,0.88,590,1300
Male,1992,0.19,200,500
Female,1993,1.04,720,1600
Male,1993,0.23,200,500
Female,1994,1.19,850,2000
Male,1994,0.26,200,500
Female,1995,1.33,990,2300
Male,1995,0.29,500,500
Female,1996,1.51,1200,2800
Male,1996,0.32,500,590
Female,1997,1.67,1300,3200
Male,1997,0.36,500,700
Female,1998,1.84,1500,3700
Male,1998,0.39,500,820
Female,1999,2.02,1700,4300
Male,1999,0.43,500,970
Female,2000,2.16,1900,4900
Male,2000,0.46,500,1100
Female,2001,2.34,2200,5600
Male,2001,0.5,500,1300
Female,2002,2.47,2400,6200
Male,2002,0.53,500,1500
Female,2003,2.58,2600,6900
Male,2003,0.55,550,1700
Female,2004,2.65,2700,7600
Male,2004,0.57,580,1900
Female,2005,2.65,2800,8200
Male,2005,0.57,600,2200
Female,2006,2.7,3000,8700
Male,2006,0.58,640,2400
Female,2007,2.72,3100,9300
Male,2007,0.58,660,2700
Female,2008,2.65,3100,9800
Male,2008,0.57,660,3000
Female,2009,2.63,3200,10000
Male,2009,0.56,680,3300
Female,2010,2.58,3200,11000
Male,2010,0.55,680,3600
Female,2011,2.52,3300,11000
Male,2011,0.53,680,3900
Female,2012,2.46,3300,12000
Male,2012,0.52,690,4300
Female,2013,2.4,3300,12000
Male,2013,0.51,690,4700
Female,2014,2.27,3200,12000
Male,2014,0.48,670,5100
Female,2015,2.17,3200,13000
Male,2015,0.46,660,5600
Female,2016,2.12,3200,13000
Male,2016,0.45,670,6000
Female,2017,2.1,3300,14000
Male,2017,0.44,690,6500
Female,2018,2.05,3400,14000
Male,2018,0.43,700,7000
Female,2019,1.99,3400,15000
Male,2019,0.42,700,7500
Female,1990,7.9,2000,5000
Male,1990,1.79,500,820
Female,1991,7.19,1800,5100
Male,1991,1.53,500,770
Female,1992,6.13,1600,4900
Male,1992,1.23,500,710
Female,1993,5.24,1500,4500
Male,1993,1.01,500,690
Female,1994,4.33,1300,4200
Male,1994,0.79,500,740
Female,1995,3.62,1100,4000
Male,1995,0.65,500,870
Female,1996,3.06,1000,3900
Male,1996,0.54,200,1100
Female,1997,2.54,870,3900
Male,1997,0.45,200,1500
Female,1998,2.25,800,4200
Male,1998,0.4,200,2000
Female,1999,1.92,710,4500
Male,1999,0.34,200,2500
Female,2000,1.63,620,4900
Male,2000,0.29,200,3100
Female,2001,1.37,540,5300
Male,2001,0.24,100,3700
Female,2002,1.27,520,5800
Male,2002,0.22,100,4300
Female,2003,1.06,500,6100
Male,2003,0.19,100,4800
Female,2004,0.97,500,6500
Male,2004,0.17,100,5200
Female,2005,0.88,500,6800
Male,2005,0.15,100,5500
Female,2006,0.85,500,7000
Male,2006,0.15,100,5800
Female,2007,0.78,500,7100
Male,2007,0.14,100,5900
Female,2008,0.7,500,7100
Male,2008,0.13,100,5900
Female,2009,0.64,500,7000
Male,2009,0.11,100,5900
Female,2010,0.59,500,6800
Male,2010,0.1,100,5700
Female,2011,0.53,500,6500
Male,2011,0.09,100,5500
Female,2012,0.49,500,6200
Male,2012,0.09,100,5300
Female,2013,0.45,500,5900
Male,2013,0.08,100,5100
Female,2014,0.41,500,5600
Male,2014,0.07,100,4800
Female,2015,0.38,200,5300
Male,2015,0.06,100,4500
Female,2016,0.34,200,5000
Male,2016,0.06,100,4300
Female,2017,0.28,200,4800
Male,2017,0.05,100,4100
Female,2018,0.23,200,4500
Male,2018,0.04,100,4000
Female,2019,0.2,200,4300
Male,2019,0.03,100,3800
Female,1990,0.52,200,500
Male,1990,0.27,100,200
Female,1991,0.78,500,500
Male,1991,0.39,200,200
Female,1992,1.09,500,540
Male,1992,0.51,200,500
Female,1993,1.38,500,750
Male,1993,0.61,200,500
Female,1994,1.59,500,960
Male,1994,0.68,200,500
Female,1995,1.71,510,1100
Male,1995,0.7,500,500
Female,1996,1.71,520,1300
Male,1996,0.69,500,500
Female,1997,1.64,520,1300
Male,1997,0.63,200,500
Female,1998,1.52,500,1300
Male,1998,0.57,200,500
Female,1999,1.4,500,1300
Male,1999,0.52,200,500
Female,2000,1.28,500,1300
Male,2000,0.46,200,500
Female,2001,1.18,500,1300
Male,2001,0.43,200,500
Female,2002,1.06,500,1300
Male,2002,0.38,200,540
Female,2003,1.01,500,1300
Male,2003,0.36,200,630
Female,2004,0.95,500,1400
Male,2004,0.34,200,730
Female,2005,0.89,500,1500
Male,2005,0.31,200,870
Female,2006,0.86,500,1700
Male,2006,0.3,200,1000
Female,2007,0.82,500,1800
Male,2007,0.28,200,1200
Female,2008,0.79,500,1900
Male,2008,0.27,200,1300
Female,2009,0.72,500,2100
Male,2009,0.25,200,1500
Female,2010,0.68,500,2200
Male,2010,0.23,200,1600
Female,2011,0.65,500,2300
Male,2011,0.22,200,1800
Female,2012,0.62,500,2400
Male,2012,0.21,200,1900
Female,2013,0.6,500,2500
Male,2013,0.21,200,2000
Female,2014,0.58,500,2600
Male,2014,0.2,200,2000
Female,2015,0.55,500,2600
Male,2015,0.2,200,2100
Female,2016,0.51,500,2600
Male,2016,0.19,200,2100
Female,2017,0.49,500,2600
Male,2017,0.18,200,2100
Female,2018,0.47,500,2600
Male,2018,0.17,200,2200
Female,2019,0.44,500,2600
Male,2019,0.16,200,2200
Female,1990,5.38,2500,6600
Male,1990,2.39,1100,2900
Female,1991,4.74,2200,6600
Male,1991,2.06,1000,2800
Female,1992,4.2,2100,6400
Male,1992,1.78,900,2600
Female,1993,3.37,1700,5900
Male,1993,1.41,740,2400
Female,1994,2.95,1500,5400
Male,1994,1.22,660,2300
Female,1995,2.42,1300,5000
Male,1995,0.99,560,2300
Female,1996,2.06,1200,4800
Male,1996,0.84,500,2400
Female,1997,1.89,1100,4800
Male,1997,0.76,500,2700
Female,1998,1.7,1000,4900
Male,1998,0.69,500,3000
Female,1999,1.49,920,5200
Male,1999,0.6,500,3500
Female,2000,1.35,850,5500
Male,2000,0.55,500,3900
Female,2001,1.22,800,5800
Male,2001,0.49,500,4400
Female,2002,1.1,730,6200
Male,2002,0.44,500,4900
Female,2003,1,690,6500
Male,2003,0.41,500,5300
Female,2004,0.94,660,6700
Male,2004,0.38,500,5700
Female,2005,0.86,620,7000
Male,2005,0.35,500,6000
Female,2006,0.79,580,7100
Male,2006,0.32,500,6200
Female,2007,0.73,550,7200
Male,2007,0.29,500,6400
Female,2008,0.67,520,7300
Male,2008,0.27,500,6500
Female,2009,0.61,500,7200
Male,2009,0.24,500,6500
Female,2010,0.55,500,7100
Male,2010,0.22,200,6400
Female,2011,0.5,500,6900
Male,2011,0.2,200,6300
Female,2012,0.45,500,6700
Male,2012,0.18,200,6100
Female,2013,0.41,500,6500
Male,2013,0.16,200,5800
Female,2014,0.38,500,6200
Male,2014,0.15,200,5600
Female,2015,0.35,500,6000
Male,2015,0.14,200,5300
Female,2016,0.32,500,5800
Male,2016,0.13,200,5100
Female,2017,0.29,500,5500
Male,2017,0.12,200,4900
Female,2018,0.25,500,5200
Male,2018,0.1,200,4700
Female,2019,0.23,500,5000
Male,2019,0.09,200,4500
Female,1990,8.35,1200,2200
Male,1990,3.9,550,1000
Female,1991,8.35,1200,2700
Male,1991,3.81,550,1200
Female,1992,7.92,1200,2900
Male,1992,3.53,530,1200
Female,1993,7.25,1100,2900
Male,1993,3.18,500,1200
Female,1994,6.84,1100,2900
Male,1994,2.96,500,1200
Female,1995,6.35,1100,2800
Male,1995,2.73,500,1100
Female,1996,5.79,990,2700
Male,1996,2.47,500,1100
Female,1997,5.53,980,2600
Male,1997,2.35,500,1100
Female,1998,4.88,900,2600
Male,1998,2.07,500,1100
Female,1999,4.46,850,2600
Male,1999,1.89,500,1200
Female,2000,4.12,810,2700
Male,2000,1.75,500,1400
Female,2001,3.8,760,2800
Male,2001,1.62,500,1600
Female,2002,3.57,730,3000
Male,2002,1.53,500,1800
Female,2003,3.42,720,3200
Male,2003,1.46,500,2100
Female,2004,3.23,690,3400
Male,2004,1.38,500,2300
Female,2005,2.98,650,3600
Male,2005,1.28,500,2600
Female,2006,2.91,640,3800
Male,2006,1.25,500,2800
Female,2007,2.76,620,4000
Male,2007,1.18,500,3000
Female,2008,2.57,590,4100
Male,2008,1.1,500,3200
Female,2009,2.48,580,4200
Male,2009,1.06,500,3300
Female,2010,2.42,570,4300
Male,2010,1.03,500,3400
Female,2011,2.32,560,4300
Male,2011,1,500,3500
Female,2012,2.25,550,4300
Male,2012,0.96,500,3500
Female,2013,2.12,530,4200
Male,2013,0.91,500,3500
Female,2014,2.01,510,4200
Male,2014,0.87,500,3400
Female,2015,1.83,500,4100
Male,2015,0.79,500,3400
Female,2016,1.68,500,4000
Male,2016,0.73,200,3300
Female,2017,1.53,500,3900
Male,2017,0.67,200,3200
Female,2018,1.43,500,3800
Male,2018,0.62,200,3100
Female,2019,1.32,500,3600
Male,2019,0.58,200,3000
Female,1990,7.81,4400,9400
Male,1990,0.46,500,500
Female,1991,8.44,5000,11000
Male,1991,0.49,500,500
Female,1992,8.92,5600,13000
Male,1992,0.51,500,620
Female,1993,8.78,5700,14000
Male,1993,0.5,500,750
Female,1994,8.27,5700,15000
Male,1994,0.47,500,930
Female,1995,7.48,5300,15000
Male,1995,0.43,500,1200
Female,1996,6.8,5100,15000
Male,1996,0.39,500,1500
Female,1997,6.14,4700,15000
Male,1997,0.35,500,2000
Female,1998,5.52,4400,15000
Male,1998,0.32,500,2700
Female,1999,4.96,4100,15000
Male,1999,0.29,500,3500
Female,2000,4.44,3700,15000
Male,2000,0.26,500,4600
Female,2001,3.89,3400,15000
Male,2001,0.23,200,5700
Female,2002,3.5,3100,16000
Male,2002,0.21,200,7000
Female,2003,3.26,3000,16000
Male,2003,0.19,200,8400
Female,2004,2.9,2700,17000
Male,2004,0.17,200,9800
Female,2005,2.62,2500,18000
Male,2005,0.16,200,11000
Female,2006,2.39,2300,19000
Male,2006,0.14,200,12000
Female,2007,2.21,2200,20000
Male,2007,0.13,200,13000
Female,2008,2.08,2100,20000
Male,2008,0.12,200,14000
Female,2009,1.84,2000,21000
Male,2009,0.11,200,15000
Female,2010,1.69,1800,21000
Male,2010,0.1,200,16000
Female,2011,1.55,1700,21000
Male,2011,0.09,200,16000
Female,2012,1.4,1600,21000
Male,2012,0.08,100,17000
Female,2013,1.27,1500,21000
Male,2013,0.08,100,16000
Female,2014,1.17,1400,20000
Male,2014,0.07,100,16000
Female,2015,1.08,1300,20000
Male,2015,0.06,100,16000
Female,2016,0.99,1300,19000
Male,2016,0.06,100,15000
Female,2017,0.88,1100,18000
Male,2017,0.05,100,15000
Female,2018,0.76,1000,17000
Male,2018,0.05,100,14000
Female,2019,0.66,900,16000
Male,2019,0.04,100,14000
Female,1990,2.95,1800,3500
Male,1990,0.54,500,590
Female,1991,4,2500,4900
Male,1991,0.72,500,810
Female,1992,5.18,3300,6700
Male,1992,0.91,590,1100
Female,1993,6.56,4300,9000
Male,1993,1.14,770,1400
Female,1994,7.89,5400,12000
Male,1994,1.35,940,1800
Female,1995,9.25,6500,15000
Male,1995,1.57,1100,2300
Female,1996,10.15,7400,17000
Male,1996,1.72,1300,2700
Female,1997,10.7,8100,20000
Male,1997,1.8,1400,3100
Female,1998,10.77,8500,22000
Male,1998,1.82,1500,3400
Female,1999,10.4,8500,23000
Male,1999,1.76,1500,3700
Female,2000,9.51,8000,23000
Male,2000,1.62,1400,3900
Female,2001,8.57,7500,23000
Male,2001,1.46,1300,4000
Female,2002,7.54,6800,22000
Male,2002,1.29,1200,4100
Female,2003,6.62,6100,21000
Male,2003,1.13,1100,4300
Female,2004,5.9,5600,20000
Male,2004,1,980,4600
Female,2005,5.32,5200,19000
Male,2005,0.91,910,5100
Female,2006,4.91,4900,18000
Male,2006,0.84,860,5700
Female,2007,4.65,4800,18000
Male,2007,0.79,830,6500
Female,2008,4.43,4600,19000
Male,2008,0.75,800,7400
Female,2009,4.15,4400,19000
Male,2009,0.7,770,8300
Female,2010,3.86,4200,20000
Male,2010,0.65,720,9200
Female,2011,3.54,3900,20000
Male,2011,0.59,670,10000
Female,2012,3.23,3600,20000
Male,2012,0.54,620,11000
Female,2013,2.94,3400,20000
Male,2013,0.49,580,11000
Female,2014,2.73,3200,20000
Male,2014,0.45,540,12000
Female,2015,2.51,3000,20000
Male,2015,0.42,510,12000
Female,2016,2.27,2800,20000
Male,2016,0.38,500,13000
Female,2017,2,2600,20000
Male,2017,0.33,500,13000
Female,2018,1.72,2300,19000
Male,2018,0.28,500,13000
Female,2019,1.54,2100,18000
Male,2019,0.25,500,13000
Female,1990,3.59,7900,20000
Male,1990,0.77,1700,4600
Female,1991,3.6,8100,22000
Male,1991,0.73,1700,4800
Female,1992,3.54,8300,23000
Male,1992,0.68,1600,5000
Female,1993,3.33,8100,24000
Male,1993,0.62,1500,5200
Female,1994,3.15,7900,24000
Male,1994,0.56,1400,5500
Female,1995,2.95,7700,24000
Male,1995,0.5,1300,6000
Female,1996,2.82,7600,24000
Male,1996,0.47,1300,6600
Female,1997,2.5,6900,24000
Male,1997,0.41,1100,7300
Female,1998,2.33,6600,24000
Male,1998,0.38,1100,8100
Female,1999,2.12,6200,24000
Male,1999,0.34,1000,9100
Female,2000,1.98,5900,25000
Male,2000,0.31,950,10000
Female,2001,1.84,5700,25000
Male,2001,0.29,910,11000
Female,2002,1.71,5400,26000
Male,2002,0.27,860,13000
Female,2003,1.61,5300,26000
Male,2003,0.25,840,14000
Female,2004,1.48,5000,27000
Male,2004,0.23,790,15000
Female,2005,1.43,5000,28000
Male,2005,0.22,790,16000
Female,2006,1.34,4800,28000
Male,2006,0.21,760,17000
Female,2007,1.27,4700,29000
Male,2007,0.2,750,18000
Female,2008,1.16,4400,29000
Male,2008,0.18,700,19000
Female,2009,1.1,4300,29000
Male,2009,0.17,690,19000
Female,2010,1.02,4100,29000
Male,2010,0.16,660,20000
Female,2011,0.95,4000,29000
Male,2011,0.15,630,20000
Female,2012,0.88,3800,29000
Male,2012,0.14,600,20000
Female,2013,0.82,3600,29000
Male,2013,0.13,580,20000
Female,2014,0.77,3600,29000
Male,2014,0.12,560,20000
Female,2015,0.72,3500,28000
Male,2015,0.11,550,20000
Female,2016,0.68,3400,28000
Male,2016,0.11,530,20000
Female,2017,0.62,3200,28000
Male,2017,0.1,500,20000
Female,2018,0.55,2900,27000
Male,2018,0.09,500,20000
Female,2019,0.48,2700,27000
Male,2019,0.08,500,20000
Female,1990,10.42,1300,3300
Male,1990,1.58,500,500
Female,1991,9.79,1300,3500
Male,1991,1.4,200,500
Female,1992,7.98,1100,3300
Male,1992,1.09,200,500
Female,1993,6.76,950,3100
Male,1993,0.88,200,500
Female,1994,6.43,940,2800
Male,1994,0.8,200,500
Female,1995,5.54,830,2600
Male,1995,0.67,200,500
Female,1996,5.25,810,2500
Male,1996,0.62,100,500
Female,1997,4.86,770,2400
Male,1997,0.56,100,500
Female,1998,4.82,780,2500
Male,1998,0.55,100,500
Female,1999,4.46,740,2500
Male,1999,0.5,100,630
Female,2000,4.5,760,2600
Male,2000,0.49,100,780
Female,2001,4.09,700,2700
Male,2001,0.44,100,930
Female,2002,4.17,730,2900
Male,2002,0.45,100,1100
Female,2003,3.65,650,2900
Male,2003,0.39,100,1200
Female,2004,3.56,650,3000
Male,2004,0.38,100,1300
Female,2005,3.44,640,3100
Male,2005,0.37,100,1500
Female,2006,3.44,650,3200
Male,2006,0.37,100,1600
Female,2007,3.36,650,3300
Male,2007,0.35,100,1700
Female,2008,3.57,710,3400
Male,2008,0.37,100,1800
Female,2009,3.51,710,3500
Male,2009,0.37,100,1800
Female,2010,3.37,700,3600
Male,2010,0.35,100,1900
Female,2011,3.4,720,3600
Male,2011,0.35,100,1900
Female,2012,3.44,750,3700
Male,2012,0.36,100,2000
Female,2013,3.54,800,3800
Male,2013,0.36,100,2000
Female,2014,3.59,830,3900
Male,2014,0.37,100,2000
Female,2015,3.66,880,4000
Male,2015,0.38,100,2000
Female,2016,3.61,890,4100
Male,2016,0.37,100,2000
Female,2017,3.63,930,4200
Male,2017,0.38,100,2000
Female,2018,3.57,940,4300
Male,2018,0.38,200,2000
Female,2019,3.59,980,4400
Male,2019,0.38,200,2100
Female,1990,0.31,100,100
Male,1990,0.17,100,100
Female,1991,0.56,100,100
Male,1991,0.29,100,100
Female,1992,1.04,100,100
Male,1992,0.54,100,100
Female,1993,1.63,100,100
Male,1993,0.82,100,100
Female,1994,2.55,100,200
Male,1994,1.21,100,100
Female,1995,3.51,200,500
Male,1995,1.63,100,100
Female,1996,4.1,200,500
Male,1996,1.85,100,200
Female,1997,4.25,200,500
Male,1997,1.87,100,200
Female,1998,3.71,200,500
Male,1998,1.66,100,200
Female,1999,3,200,500
Male,1999,1.37,100,200
Female,2000,2.46,100,500
Male,2000,1.13,100,200
Female,2001,1.63,100,500
Male,2001,0.75,100,200
Female,2002,1.17,100,500
Male,2002,0.56,100,200
Female,2003,0.8,100,200
Male,2003,0.38,100,200
Female,2004,0.66,100,200
Male,2004,0.32,100,200
Female,2005,0.55,100,200
Male,2005,0.27,100,200
Female,2006,0.49,100,500
Male,2006,0.24,100,500
Female,2007,0.48,100,500
Male,2007,0.23,100,500
Female,2008,0.38,100,500
Male,2008,0.19,100,500
Female,2009,0.33,100,500
Male,2009,0.16,100,500
Female,2010,0.31,100,500
Male,2010,0.16,100,500
Female,2011,0.27,100,500
Male,2011,0.14,100,500
Female,2012,0.25,100,500
Male,2012,0.12,100,500
Female,2013,0.21,100,500
Male,2013,0.1,100,500
Female,2014,0.19,100,500
Male,2014,0.1,100,500
Female,2015,0.17,100,500
Male,2015,0.08,100,500
Female,2016,0.15,100,500
Male,2016,0.06,100,500
Female,2017,0.13,100,500
Male,2017,0.06,100,500
Female,2018,0.11,100,500
Male,2018,0.06,100,500
Female,2019,0.08,100,500
Male,2019,0.04,100,500
Female,1990,2.29,500,520
Male,1990,0.51,100,200
Female,1991,2.79,500,650
Male,1991,0.58,100,200
Female,1992,3.16,500,790
Male,1992,0.63,100,200
Female,1993,3.32,500,900
Male,1993,0.64,100,200
Female,1994,3.34,500,980
Male,1994,0.63,100,200
Female,1995,3.09,500,1000
Male,1995,0.59,100,200
Female,1996,2.69,500,1000
Male,1996,0.51,100,200
Female,1997,2.25,500,980
Male,1997,0.43,100,200
Female,1998,1.84,500,910
Male,1998,0.35,100,200
Female,1999,1.31,200,820
Male,1999,0.25,100,500
Female,2000,1.08,200,750
Male,2000,0.21,100,500
Female,2001,0.93,200,700
Male,2001,0.17,100,500
Female,2002,0.81,200,690
Male,2002,0.15,100,500
Female,2003,0.72,200,690
Male,2003,0.13,100,500
Female,2004,0.66,200,710
Male,2004,0.12,100,500
Female,2005,0.6,200,720
Male,2005,0.11,100,500
Female,2006,0.55,200,730
Male,2006,0.1,100,500
Female,2007,0.51,100,730
Male,2007,0.09,100,510
Female,2008,0.47,100,730
Male,2008,0.08,100,530
Female,2009,0.44,100,730
Male,2009,0.08,100,550
Female,2010,0.41,100,720
Male,2010,0.07,100,570
Female,2011,0.38,100,710
Male,2011,0.06,100,580
Female,2012,0.34,100,700
Male,2012,0.06,100,580
Female,2013,0.31,100,680
Male,2013,0.05,100,580
Female,2014,0.28,100,660
Male,2014,0.05,100,570
Female,2015,0.26,100,640
Male,2015,0.04,100,560
Female,2016,0.23,100,630
Male,2016,0.03,100,550
Female,2017,0.21,100,610
Male,2017,0.03,100,540
Female,2018,0.2,100,590
Male,2018,0.03,100,530
Female,2019,0.18,100,580
Male,2019,0.03,100,510
Female,1990,5.65,12000,26000
Male,1990,1.11,2400,4500
Female,1991,5.99,13000,31000
Male,1991,1.14,2600,5100
Female,1992,5.95,14000,34000
Male,1992,1.1,2500,5400
Female,1993,5.41,13000,35000
Male,1993,0.97,2300,5400
Female,1994,4.63,11000,34000
Male,1994,0.8,2000,5300
Female,1995,3.82,9500,31000
Male,1995,0.65,1700,5200
Female,1996,3.17,8200,29000
Male,1996,0.53,1400,5400
Female,1997,2.7,7200,26000
Male,1997,0.44,1200,6000
Female,1998,2.32,6500,25000
Male,1998,0.37,1100,7100
Female,1999,1.95,5600,24000
Male,1999,0.31,920,8800
Female,2000,1.73,5200,25000
Male,2000,0.27,830,11000
Female,2001,1.49,4700,26000
Male,2001,0.24,750,14000
Female,2002,1.36,4400,28000
Male,2002,0.21,700,16000
Female,2003,1.18,4000,29000
Male,2003,0.19,630,19000
Female,2004,1.09,3800,31000
Male,2004,0.17,600,22000
Female,2005,0.95,3400,33000
Male,2005,0.15,540,25000
Female,2006,0.9,3300,35000
Male,2006,0.14,530,27000
Female,2007,0.83,3200,36000
Male,2007,0.13,500,29000
Female,2008,0.74,2900,37000
Male,2008,0.11,500,30000
Female,2009,0.69,2900,38000
Male,2009,0.11,500,31000
Female,2010,0.63,2700,38000
Male,2010,0.1,500,32000
Female,2011,0.57,2600,38000
Male,2011,0.09,500,32000
Female,2012,0.53,2400,37000
Male,2012,0.08,500,31000
Female,2013,0.45,2100,35000
Male,2013,0.07,500,30000
Female,2014,0.41,2000,33000
Male,2014,0.06,500,29000
Female,2015,0.38,1900,32000
Male,2015,0.06,500,27000
Female,2016,0.35,1800,30000
Male,2016,0.05,500,26000
Female,2017,0.32,1700,28000
Male,2017,0.05,500,24000
Female,2018,0.29,1600,26000
Male,2018,0.05,500,23000
Female,2019,0.27,1500,25000
Male,2019,0.04,500,21000
Female,1990,4.1,200,500
Male,1990,0.41,100,100
Female,1991,5.19,500,500
Male,1991,0.51,100,100
Female,1992,6.6,500,660
Male,1992,0.63,100,100
Female,1993,7.65,500,830
Male,1993,0.71,100,100
Female,1994,8.97,500,1000
Male,1994,0.82,100,100
Female,1995,9.65,510,1200
Male,1995,0.88,100,200
Female,1996,10.23,560,1400
Male,1996,0.94,100,200
Female,1997,10.18,570,1500
Male,1997,0.92,100,200
Female,1998,9.53,550,1500
Male,1998,0.86,100,200
Female,1999,8.54,510,1500
Male,1999,0.78,100,200
Female,2000,7.43,500,1500
Male,2000,0.68,100,200
Female,2001,6.97,500,1400
Male,2001,0.64,100,200
Female,2002,6.21,500,1300
Male,2002,0.57,100,500
Female,2003,5.62,500,1300
Male,2003,0.51,100,500
Female,2004,5.19,500,1300
Male,2004,0.47,100,500
Female,2005,4.68,500,1200
Male,2005,0.43,100,500
Female,2006,4.32,500,1200
Male,2006,0.39,100,500
Female,2007,4.11,500,1300
Male,2007,0.37,100,500
Female,2008,3.81,500,1300
Male,2008,0.34,100,500
Female,2009,3.74,500,1300
Male,2009,0.33,100,540
Female,2010,3.46,500,1300
Male,2010,0.3,100,590
Female,2011,3.27,500,1300
Male,2011,0.29,100,630
Female,2012,3.06,500,1300
Male,2012,0.27,100,670
Female,2013,2.82,500,1300
Male,2013,0.25,100,710
Female,2014,2.56,500,1300
Male,2014,0.22,100,730
Female,2015,2.39,500,1300
Male,2015,0.21,100,750
Female,2016,2.12,200,1300
Male,2016,0.18,100,770
Female,2017,1.9,200,1300
Male,2017,0.17,100,790
Female,2018,1.69,200,1200
Male,2018,0.14,100,790
Female,2019,1.59,200,1200
Male,2019,0.14,100,810
Female,1990,3.13,2500,6000
Male,1990,0.4,500,740
Female,1991,3.83,3100,7100
Male,1991,0.48,500,900
Female,1992,3.56,2900,7600
Male,1992,0.44,500,1000
Female,1993,3.56,3000,8000
Male,1993,0.44,500,1100
Female,1994,3.71,3100,8500
Male,1994,0.46,500,1300
Female,1995,3.37,2900,8500
Male,1995,0.41,500,1400
Female,1996,2.98,2600,8400
Male,1996,0.36,500,1600
Female,1997,3.08,2800,8600
Male,1997,0.37,500,1900
Female,1998,2.75,2500,8600
Male,1998,0.33,500,2300
Female,1999,2.64,2500,8900
Male,1999,0.32,500,2700
Female,2000,2.45,2400,9100
Male,2000,0.29,500,3200
Female,2001,2.34,2400,9500
Male,2001,0.28,500,3700
Female,2002,2.19,2300,9900
Male,2002,0.26,500,4300
Female,2003,1.99,2100,10000
Male,2003,0.24,500,4900
Female,2004,1.76,1900,10000
Male,2004,0.21,500,5500
Female,2005,1.82,2100,11000
Male,2005,0.22,500,6100
Female,2006,1.73,2000,11000
Male,2006,0.21,500,6600
Female,2007,1.72,2000,12000
Male,2007,0.2,500,7100
Female,2008,1.75,2100,12000
Male,2008,0.21,500,7600
Female,2009,1.59,2000,12000
Male,2009,0.19,500,8000
Female,2010,1.73,2200,13000
Male,2010,0.21,500,8400
Female,2011,1.64,2100,13000
Male,2011,0.19,500,8600
Female,2012,1.56,2000,13000
Male,2012,0.18,500,8800
Female,2013,1.51,2000,13000
Male,2013,0.18,500,8900
Female,2014,1.45,1900,13000
Male,2014,0.17,500,8900
Female,2015,1.38,1900,13000
Male,2015,0.16,500,8800
Female,2016,1.34,1900,13000
Male,2016,0.16,500,8700
Female,2017,1.32,1900,13000
Male,2017,0.15,500,8400
Female,2018,1.32,1900,13000
Male,2018,0.15,500,8100
Female,2019,1.28,1900,12000
Male,2019,0.15,500,7900
Female,1990,2.58,830,1800
Male,1990,0.65,500,500
Female,1991,2.95,970,2200
Male,1991,0.73,500,520
Female,1992,3.26,1100,2600
Male,1992,0.79,500,600
Female,1993,3.47,1200,3000
Male,1993,0.83,500,680
Female,1994,3.56,1300,3300
Male,1994,0.85,500,760
Female,1995,3.67,1400,3600
Male,1995,0.87,500,840
Female,1996,3.75,1400,3900
Male,1996,0.88,500,930
Female,1997,3.65,1500,4100
Male,1997,0.86,500,1000
Female,1998,3.44,1400,4200
Male,1998,0.82,500,1100
Female,1999,3.3,1400,4300
Male,1999,0.79,500,1200
Female,2000,3.14,1400,4400
Male,2000,0.75,500,1300
Female,2001,2.94,1300,4500
Male,2001,0.71,500,1500
Female,2002,2.73,1300,4500
Male,2002,0.66,500,1600
Female,2003,2.53,1200,4500
Male,2003,0.61,500,1800
Female,2004,2.42,1200,4600
Male,2004,0.59,500,1900
Female,2005,2.23,1100,4700
Male,2005,0.54,500,2100
Female,2006,2.15,1100,4800
Male,2006,0.52,500,2300
Female,2007,2.03,1100,4900
Male,2007,0.49,500,2500
Female,2008,1.98,1100,5000
Male,2008,0.48,500,2700
Female,2009,1.94,1100,5200
Male,2009,0.47,500,2900
Female,2010,1.75,1000,5300
Male,2010,0.42,500,3100
Female,2011,1.64,960,5300
Male,2011,0.4,500,3200
Female,2012,1.55,930,5300
Male,2012,0.37,500,3300
Female,2013,1.45,900,5300
Male,2013,0.35,500,3400
Female,2014,1.41,900,5300
Male,2014,0.34,500,3400
Female,2015,1.33,870,5300
Male,2015,0.32,500,3400
Female,2016,1.27,850,5300
Male,2016,0.3,500,3400
Female,2017,1.19,820,5300
Male,2017,0.28,500,3400
Female,2018,1.11,780,5200
Male,2018,0.26,200,3400
Female,2019,1.01,730,5000
Male,2019,0.24,200,3400
Female,1990,0.11,100,100
Male,1990,0.02,100,100
Female,1991,0.15,100,100
Male,1991,0.02,100,100
Female,1992,0.23,100,100
Male,1992,0.02,100,100
Female,1993,0.3,100,100
Male,1993,0.04,100,100
Female,1994,0.43,100,100
Male,1994,0.06,100,100
Female,1995,0.52,100,100
Male,1995,0.07,100,100
Female,1996,0.65,100,100
Male,1996,0.09,100,100
Female,1997,0.73,100,100
Male,1997,0.1,100,100
Female,1998,0.81,100,100
Male,1998,0.11,100,100
Female,1999,0.85,100,200
Male,1999,0.11,100,100
Female,2000,0.84,100,200
Male,2000,0.11,100,100
Female,2001,0.83,100,200
Male,2001,0.1,100,100
Female,2002,0.78,100,200
Male,2002,0.1,100,100
Female,2003,0.72,100,200
Male,2003,0.09,100,100
Female,2004,0.68,100,200
Male,2004,0.08,100,100
Female,2005,0.67,100,200
Male,2005,0.09,100,100
Female,2006,0.65,100,500
Male,2006,0.09,100,100
Female,2007,0.65,100,500
Male,2007,0.08,100,200
Female,2008,0.65,100,500
Male,2008,0.09,100,200
Female,2009,0.63,100,500
Male,2009,0.09,100,200
Female,2010,0.63,100,500
Male,2010,0.09,100,500
Female,2011,0.61,100,500
Male,2011,0.09,100,500
Female,2012,0.59,100,500
Male,2012,0.08,100,500
Female,2013,0.58,100,500
Male,2013,0.07,100,500
Female,2014,0.58,100,500
Male,2014,0.08,100,500
Female,2015,0.58,100,500
Male,2015,0.08,100,500
Female,2016,0.57,100,510
Male,2016,0.08,100,500
Female,2017,0.55,100,540
Male,2017,0.08,100,500
Female,2018,0.55,100,570
Male,2018,0.07,100,500
Female,2019,0.54,100,580
Male,2019,0.07,100,500
Female,1990,0.51,100,100
Male,1990,0.23,100,100
Female,1991,0.72,100,100
Male,1991,0.34,100,100
Female,1992,1.04,100,100
Male,1992,0.46,100,100
Female,1993,1.45,100,200
Male,1993,0.63,100,100
Female,1994,2.04,200,500
Male,1994,0.87,100,100
Female,1995,2.71,200,500
Male,1995,1.16,100,200
Female,1996,3.38,500,500
Male,1996,1.44,100,200
Female,1997,3.96,500,500
Male,1997,1.67,200,200
Female,1998,4.34,500,600
Male,1998,1.84,200,500
Female,1999,4.43,500,680
Male,1999,1.89,200,500
Female,2000,4.16,500,720
Male,2000,1.78,200,500
Female,2001,3.94,500,730
Male,2001,1.69,200,500
Female,2002,3.56,500,720
Male,2002,1.53,200,500
Female,2003,3.21,500,700
Male,2003,1.39,100,500
Female,2004,2.9,500,690
Male,2004,1.25,100,500
Female,2005,2.67,500,680
Male,2005,1.15,100,500
Female,2006,2.5,200,690
Male,2006,1.07,100,500
Female,2007,2.41,200,730
Male,2007,1.03,100,500
Female,2008,2.26,200,780
Male,2008,0.97,100,500
Female,2009,2.2,200,840
Male,2009,0.94,100,550
Female,1990,8.22,500,550
Female,1990,19.91,23000,46000
Female,1990,11.05,1200,2300
Female,1990,0.01,100,100
Female,1990,22.49,10000,24000
Female,1990,0.01,100,100
Female,1990,4.39,3500,7100
Female,1990,5.69,500,860
Female,1990,5.6,2000,4300
Female,1990,0.1,100,100
Female,1990,4.44,8400,13000
Female,1990,1.23,500,780
Female,1990,0.03,100,100
Female,1990,14.36,12000,38000
Female,1990,8.45,11000,25000
Female,1990,27.73,10000,23000
Female,1990,52.82,25000,53000
Female,1991,16.46,780,1200
Female,1991,23.38,27000,60000
Female,1991,15.82,1800,3300
Female,1991,0.01,100,100
Female,1991,24.46,11000,27000
Female,1991,0.01,100,100
Female,1991,5.66,4700,9600
Female,1991,7.99,670,1200
Female,1991,6.22,2200,5000
Female,1991,0.11,100,100
Female,1991,7.58,15000,24000
Female,1991,1.47,500,940
Female,1991,0.04,100,100
Female,1991,12.66,11000,35000
Female,1991,8.96,12000,28000
Female,1991,28.52,11000,27000
Female,1991,57.72,27000,64000
Female,1992,28.88,1400,2300
Female,1992,25.52,31000,72000
Female,1992,21.89,2500,4700
Female,1992,0.01,100,100
Female,1992,25.62,12000,30000
Female,1992,0.01,100,100
Female,1992,7.13,6000,13000
Female,1992,10.8,910,1800
Female,1992,6.79,2400,5500
Female,1992,0.13,100,200
Female,1992,12.05,24000,41000
Female,1992,1.64,510,1100
Female,1992,0.04,100,200
Female,1992,11.72,10000,33000
Female,1992,9.24,13000,32000
Female,1992,28.39,11000,29000
Female,1992,57.71,28000,72000
Female,1993,43.81,2100,3800
Female,1993,25.21,32000,81000
Female,1993,28.76,3200,6400
Female,1993,0.01,100,100
Female,1993,25.48,12000,31000
Female,1993,0.01,100,100
Female,1993,8.66,7400,16000
Female,1993,14.2,1200,2400
Female,1993,7.39,2500,5900
Female,1993,0.15,100,200
Female,1993,17.88,36000,64000
Female,1993,1.88,580,1200
Female,1993,0.06,100,200
Female,1993,10.98,10000,33000
Female,1993,9.24,13000,34000
Female,1993,26.75,11000,30000
Female,1993,54.64,27000,75000
Female,1994,57.76,2800,5500
Female,1994,22.9,30000,85000
Female,1994,36.32,4100,8400
Female,1994,0.01,100,100
Female,1994,24.7,11000,32000
Female,1994,0.02,100,100
Female,1994,10.47,9100,20000
Female,1994,17.66,1500,3100
Female,1994,7.07,2300,6100
Female,1994,0.16,100,200
Female,1994,24.07,48000,93000
Female,1994,2.01,620,1400
Female,1994,0.07,100,200
Female,1994,10.68,10000,34000
Female,1994,8.98,13000,36000
Female,1994,25.79,11000,31000
Female,1994,49.62,26000,76000
Female,1995,67.7,3300,7200
Female,1995,19.87,27000,84000
Female,1995,42.59,4700,10000
Female,1995,0.01,100,100
Female,1995,23.39,11000,32000
Female,1995,0.04,100,100
Female,1995,12.2,11000,24000
Female,1995,20.47,1800,3900
Female,1995,7.04,2400,6400
Female,1995,0.17,100,200
Female,1995,29.96,60000,120000
Female,1995,2.07,640,1500
Female,1995,0.09,200,500
Female,1995,10,10000,36000
Female,1995,8.59,13000,37000
Female,1995,23.4,10000,31000
Female,1995,42.91,23000,73000
Female,1996,70.63,3500,8500
Female,1996,16.25,23000,78000
Female,1996,46.73,5100,12000
Female,1996,0.01,100,100
Female,1996,21.41,10000,32000
Female,1996,0.05,100,100
Female,1996,13.83,12000,28000
Female,1996,22,1900,4500
Female,1996,6.81,2500,7000
Female,1996,0.19,100,200
Female,1996,34.51,69000,150000
Female,1996,2.14,680,1700
Female,1996,0.1,200,500
Female,1996,9.77,10000,38000
Female,1996,8.16,13000,37000
Female,1996,21.56,9700,30000
Female,1996,37.15,21000,68000
Female,1997,69.29,3500,9300
Female,1997,13.48,20000,71000
Female,1997,48.61,5300,13000
Female,1997,0.01,100,100
Female,1997,20.18,9900,32000
Female,1997,0.11,100,100
Female,1997,15.36,13000,32000
Female,1997,21.92,2000,5000
Female,1997,6.18,2500,7600
Female,1997,0.2,100,200
Female,1997,37.57,76000,180000
Female,1997,2.13,700,1800
Female,1997,0.11,200,500
Female,1997,9.4,10000,41000
Female,1997,7.62,12000,38000
Female,1997,20.15,9300,29000
Female,1997,31.69,19000,64000
Female,1998,65.04,3400,9700
Female,1998,11.18,17000,65000
Female,1998,47.17,5100,14000
Female,1998,0.02,100,100
Female,1998,18.62,9400,32000
Female,1998,0.2,100,100
Female,1998,16.67,14000,36000
Female,1998,20.49,1900,5100
Female,1998,5.6,2500,8200
Female,1998,0.19,100,500
Female,1998,39.52,82000,200000
Female,1998,2.09,720,2000
Female,1998,0.12,200,500
Female,1998,9.05,10000,44000
Female,1998,7,12000,37000
Female,1998,18.84,9000,29000
Female,1998,28.02,17000,60000
Female,1999,61.57,3300,9700
Female,1999,9.66,16000,60000
Female,1999,44.62,4800,13000
Female,1999,0.02,100,100
Female,1999,17.2,9000,32000
Female,1999,0.31,100,100
Female,1999,17.4,15000,39000
Female,1999,18.38,1700,5100
Female,1999,5.13,2500,8700
Female,1999,0.2,100,500
Female,1999,40.17,86000,220000
Female,1999,2.08,750,2100
Female,1999,0.12,200,500
Female,1999,8.83,10000,47000
Female,1999,6.59,11000,38000
Female,1999,17.74,8700,29000
Female,1999,24.72,16000,57000
Female,2000,57.26,3200,9500
Female,2000,8.44,14000,58000
Female,2000,40.88,4400,13000
Female,2000,0.02,100,100
Female,2000,15.73,8500,33000
Female,2000,0.42,100,100
Female,2000,18.18,16000,42000
Female,2000,16.42,1600,4900
Female,2000,4.58,2500,9100
Female,2000,0.19,100,500
Female,2000,40.37,89000,240000
Female,2000,1.99,750,2200
Female,2000,0.12,200,500
Female,2000,8.53,10000,50000
Female,2000,6.15,11000,38000
Female,2000,16.66,8400,29000
Female,2000,21.94,14000,55000
Female,2001,55.03,3100,9300
Female,2001,7.44,13000,57000
Female,2001,36.26,3900,12000
Female,2001,0.02,100,100
Female,2001,14.33,8100,34000
Female,2001,0.51,100,100
Female,2001,18.41,17000,45000
Female,2001,14.73,1500,4700
Female,2001,4.1,2300,9200
Female,2001,0.18,100,500
Female,2001,39.71,90000,250000
Female,2001,1.95,760,2400
Female,2001,0.13,200,500
Female,2001,8.32,10000,53000
Female,2001,5.81,10000,39000
Female,2001,15.7,8200,29000
Female,2001,19.9,13000,54000
Female,2002,52.91,3000,9100
Female,2002,6.74,12000,59000
Female,2002,32.87,3600,11000
Female,2002,0.02,100,100
Female,2002,13.1,7800,35000
Female,2002,0.55,100,100
Female,2002,18.09,17000,47000
Female,2002,13.19,1400,4500
Female,2002,3.59,2100,9300
Female,2002,0.17,100,500
Female,2002,38.9,89000,250000
Female,2002,1.8,730,2600
Female,2002,0.13,200,530
Female,2002,8.11,10000,55000
Female,2002,5.46,10000,40000
Female,2002,14.95,8000,30000
Female,2002,18.31,13000,54000
Female,2003,51.46,2900,8900
Female,2003,6.16,11000,61000
Female,2003,30,3300,11000
Female,2003,0.02,100,100
Female,2003,12.04,7700,37000
Female,2003,0.55,100,100
Female,2003,17.57,17000,49000
Female,2003,11.98,1300,4400
Female,2003,2.7,1600,9000
Female,2003,0.16,100,500
Female,2003,37.35,86000,250000
Female,2003,1.78,760,2800
Female,2003,0.13,500,570
Female,2003,7.84,10000,58000
Female,2003,5.18,9800,42000
Female,2003,14.23,7800,31000
Female,2003,16.87,12000,54000
Female,2004,50.41,2900,8900
Female,2004,5.74,11000,65000
Female,2004,27.62,3000,10000
Female,2004,0.02,100,100
Female,2004,11.02,7400,38000
Female,2004,0.53,100,100
Female,2004,17.12,17000,52000
Female,2004,11.17,1200,4400
Female,2004,2.3,1400,8700
Female,2004,0.14,100,500
Female,2004,35.65,83000,250000
Female,2004,1.74,780,3000
Female,2004,0.13,500,610
Female,2004,7.61,10000,59000
Female,2004,4.88,9500,43000
Female,2004,13.46,7600,32000
Female,2004,15.78,11000,54000
Female,2005,50.59,2900,9000
Female,2005,5.42,10000,68000
Female,2005,26.22,2800,10000
Female,2005,0.03,100,100
Female,2005,10.09,7200,40000
Female,2005,0.51,100,100
Female,2005,16.61,17000,54000
Female,2005,10.31,1200,4500
Female,2005,2.03,1200,8600
Female,2005,0.12,100,500
Female,2005,34.28,80000,250000
Female,2005,1.7,810,3300
Female,2005,0.11,200,620
Female,2005,7.49,10000,61000
Female,2005,4.72,9400,45000
Female,2005,12.95,7500,33000
Female,2005,14.74,10000,55000
Female,2006,50.19,2900,9200
Female,2006,5.21,10000,72000
Female,2006,24.88,2700,9900
Female,2006,0.03,100,100
Female,2006,9.19,6800,41000
Female,2006,0.48,100,100
Female,2006,16.39,18000,57000
Female,2006,9.55,1100,4700
Female,2006,1.88,1100,8500
Female,2006,0.1,100,500
Female,2006,33.08,77000,240000
Female,2006,1.62,810,3600
Female,2006,0.1,200,630
Female,2006,7.33,11000,63000
Female,2006,4.52,9200,47000
Female,2006,12.51,7400,34000
Female,2006,13.95,9700,56000
Female,2007,49.48,2900,9500
Female,2007,4.93,9700,75000
Female,2007,25.25,2700,10000
Female,2007,0.03,100,100
Female,2007,8.55,6500,42000
Female,2007,0.44,100,100
Female,2007,16.28,19000,62000
Female,2007,9.08,1100,5000
Female,2007,1.79,1000,8600
Female,2007,0.09,100,500
Female,2007,31.77,73000,240000
Female,2007,1.6,840,4000
Female,2007,0.1,200,650
Female,2007,7.41,11000,64000
Female,2007,4.33,9000,48000
Female,2007,12.19,7400,36000
Female,2007,13.27,9200,56000
Female,2008,43.74,2600,9600
Female,2008,4.82,9600,78000
Female,2008,24.87,2700,10000
Female,2008,0.04,100,100
Female,2008,8.08,6300,43000
Female,2008,0.4,100,100
Female,2008,16.15,20000,66000
Female,2008,8.59,1000,5200
Female,2008,1.72,900,8700
Female,2008,0.07,100,500
Female,2008,30.23,70000,230000
Female,2008,1.61,890,4300
Female,2008,0.09,200,690
Female,2008,7.34,11000,66000
Female,2008,4.17,8900,50000
Female,2008,11.61,7300,37000
Female,2008,12.87,8800,57000
Female,2009,38.19,2300,9300
Female,2009,4.68,9400,81000
Female,2009,24.09,2500,11000
Female,2009,0.04,100,200
Female,2009,7.76,6100,44000
Female,2009,0.37,100,100
Female,2009,16.04,21000,71000
Female,2009,8.36,1000,5500
Female,2009,1.67,830,8800
Female,2009,0.05,100,500
Female,2009,29.09,67000,230000
Female,2009,1.61,930,4700
Female,2009,0.09,200,740
Female,2009,7.07,11000,67000
Female,2009,4.16,9000,52000
Female,2009,11.44,7400,38000
Female,2009,12.47,8500,57000
Female,2010,31.11,1900,8800
Female,2010,4.48,9200,83000
Female,2010,22.36,2300,11000
Female,2010,0.05,100,200
Female,2010,7.52,6000,45000
Female,2010,0.35,100,100
Female,2010,15.91,21000,76000
Female,2010,8.21,990,5800
Female,2010,1.53,730,8900
Female,2010,0.04,100,500
Female,2010,27.58,63000,230000
Female,2010,1.61,960,5000
Female,2010,0.08,200,780
Female,2010,6.75,11000,67000
Female,2010,4.11,9100,53000
Female,2010,11.11,7400,39000
Female,2010,11.85,8100,58000
Female,2011,21.83,1300,7800
Female,2011,4.14,8600,83000
Female,2011,21.13,2200,11000
Female,2011,0.06,100,200
Female,2011,7.21,5800,46000
Female,2011,0.3,100,100
Female,2011,15.55,21000,80000
Female,2011,7.69,930,6100
Female,2011,1.43,670,9000
Female,2011,0.03,100,500
Female,2011,25.84,58000,220000
Female,2011,1.62,1000,5300
Female,2011,0.08,200,840
Female,2011,6.38,11000,67000
Female,2011,4.06,9200,55000
Female,2011,10.83,7500,40000
Female,2011,10.91,7400,57000
Female,2012,24.54,1500,7400
Female,2012,3.81,8100,82000
Female,2012,19.76,2000,11000
Female,2012,0.07,100,500
Female,2012,6.79,5600,46000
Female,2012,0.27,100,100
Female,2012,15.17,22000,84000
Female,2012,7.21,870,6300
Female,2012,1.3,620,9100
Female,2012,0.03,100,500
Female,2012,23.82,54000,220000
Female,2012,1.64,1000,5500
Female,2012,0.08,200,890
Female,2012,6.02,11000,67000
Female,2012,4.02,9400,56000
Female,2012,10.52,7500,41000
Female,2012,9.98,6800,56000
Female,2013,26.95,1600,7300
Female,2013,3.59,7800,81000
Female,2013,18.27,1800,11000
Female,2013,0.08,200,500
Female,2013,6.33,5300,47000
Female,2013,0.25,100,100
Female,2013,14.75,22000,87000
Female,2013,6.82,820,6400
Female,2013,1.18,580,9200
Female,2013,0.03,100,500
Female,2013,22.03,49000,220000
Female,2013,1.66,1100,5700
Female,2013,0.07,200,950
Female,2013,5.48,10000,66000
Female,2013,3.76,9000,57000
Female,2013,10.3,7600,42000
Female,2013,9.36,6500,55000
Female,2014,27.99,1600,7500
Female,2014,3.36,7500,79000
Female,2014,16.81,1700,11000
Female,2014,0.09,200,500
Female,2014,5.96,5200,47000
Female,2014,0.24,100,100
Female,2014,14.1,21000,89000
Female,2014,6.21,750,6600
Female,2014,1.1,570,9400
Female,2014,0.02,100,500
Female,2014,20.62,45000,210000
Female,2014,1.66,1100,5900
Female,2014,0.07,200,1000
Female,2014,4.92,9500,66000
Female,2014,3.61,8900,58000
Female,2014,9.97,7700,43000
Female,2014,8.67,6100,53000
Female,2015,26.41,1500,7700
Female,2015,3.07,7000,77000
Female,2015,15.36,1500,10000
Female,2015,0.1,200,500
Female,2015,5.62,5000,47000
Female,2015,0.24,100,100
Female,2015,13.4,20000,91000
Female,2015,6.1,730,6700
Female,2015,1.04,560,9500
Female,2015,0.02,100,500
Female,2015,19.16,42000,210000
Female,2015,1.65,1100,6000
Female,2015,0.07,200,1000
Female,2015,4.44,8900,65000
Female,2015,3.4,8700,59000
Female,2015,9.36,7500,43000
Female,2015,8.05,5700,52000
Female,2016,23.74,1300,7700
Female,2016,2.7,6300,75000
Female,2016,14.31,1400,10000
Female,2016,0.1,200,500
Female,2016,5.31,4900,47000
Female,2016,0.24,100,100
Female,2016,12.72,20000,91000
Female,2016,5.73,680,6700
Female,2016,0.96,550,9600
Female,2016,0.02,100,500
Female,2016,17.68,38000,210000
Female,2016,1.64,1100,6100
Female,2016,0.06,200,1100
Female,2016,4.14,8700,64000
Female,2016,3.24,8600,59000
Female,2016,8.76,7200,42000
Female,2016,7.47,5300,50000
Female,2017,19.99,1100,7600
Female,2017,2.42,5800,71000
Female,2017,13.26,1300,9500
Female,2017,0.11,200,500
Female,2017,4.88,4600,46000
Female,2017,0.26,100,100
Female,2017,11.94,19000,91000
Female,2017,5.57,660,6700
Female,2017,0.88,530,9500
Female,2017,0.02,100,500
Female,2017,16.01,34000,210000
Female,2017,1.67,1100,6100
Female,2017,0.06,200,1100
Female,2017,3.78,8200,64000
Female,2017,3.07,8400,59000
Female,2017,8.57,7400,42000
Female,2017,6.85,4900,49000
Female,2018,15.13,860,7200
Female,2018,2.15,5300,67000
Female,2018,12.51,1200,9200
Female,2018,0.11,200,500
Female,2018,4.45,4400,46000
Female,2018,0.27,100,100
Female,2018,11.22,18000,91000
Female,2018,5.12,600,6700
Female,2018,0.84,520,9400
Female,2018,0.03,100,500
Female,2018,14.18,30000,210000
Female,2018,1.68,1100,6200
Female,2018,0.06,200,1200
Female,2018,3.34,7500,63000
Female,2018,2.86,8200,59000
Female,2018,8.23,7300,42000
Female,2018,6.05,4400,48000
Female,2019,12.74,740,6900
Female,2019,2.08,5300,64000
Female,2019,12.03,1100,8800
Female,2019,0.12,200,500
Female,2019,4.03,4100,45000
Female,2019,0.27,100,100
Female,2019,10.59,18000,90000
Female,2019,4.76,560,6700
Female,2019,0.79,520,9200
Female,2019,0.02,100,500
Female,2019,12.84,27000,220000
Female,2019,1.68,1100,6200
Female,2019,0.06,200,1200
Female,2019,3.09,7200,62000
Female,2019,2.6,7700,57000
Female,2019,7.41,6800,42000
Female,2019,5.99,4400,48000
Male,1990,2.46,200,200
Male,1990,4.44,5000,9200
Male,1990,2.39,500,500
Male,1990,0.01,100,100
Male,1990,2.52,1200,2000
Male,1990,0.01,100,100
Male,1990,1.08,830,1500
Male,1990,1.92,200,500
Male,1990,0.92,500,560
Male,1990,0.05,100,100
Male,1990,0.73,1400,2000
Male,1990,0.58,200,500
Male,1990,0.02,100,100
Male,1990,1.91,1600,3900
Male,1990,3.15,4200,9300
Male,1990,9.7,3700,7900
Male,1990,18.97,9500,19000
Male,1991,4.28,200,500
Male,1991,5.06,6000,11000
Male,1991,3.29,500,530
Male,1991,0.01,100,100
Male,1991,2.74,1300,2300
Male,1991,0.01,100,100
Male,1991,1.35,1100,1900
Male,1991,2.63,500,500
Male,1991,1,500,630
Male,1991,0.06,100,100
Male,1991,1.32,2500,3700
Male,1991,0.67,500,500
Male,1991,0.03,100,100
Male,1991,1.68,1500,4100
Male,1991,3.27,4500,10000
Male,1991,9.53,3800,8700
Male,1991,19.56,10000,22000
Male,1992,6.55,500,500
Male,1992,5.38,6600,13000
Male,1992,4.39,500,750
Male,1992,0.01,100,100
Male,1992,2.87,1400,2600
Male,1992,0.01,100,100
Male,1992,1.65,1300,2400
Male,1992,3.48,500,540
Male,1992,1.06,500,690
Male,1992,0.07,100,100
Male,1992,2.24,4300,6600
Male,1992,0.73,500,500
Male,1992,0.03,100,100
Male,1992,1.55,1400,4800
Male,1992,3.3,4700,11000
Male,1992,9.17,3800,9100
Male,1992,18.65,9900,23000
Male,1993,9.03,500,690
Male,1993,5.2,6600,15000
Male,1993,5.62,610,1000
Male,1993,0.01,100,100
Male,1993,2.88,1400,3000
Male,1993,0.01,100,100
Male,1993,1.96,1600,3000
Male,1993,4.49,500,720
Male,1993,1.14,500,760
Male,1993,0.08,100,100
Male,1993,3.46,6800,11000
Male,1993,0.83,500,540
Male,1993,0.04,100,100
Male,1993,1.45,1400,6000
Male,1993,3.25,4800,12000
Male,1993,8.33,3500,9200
Male,1993,16.8,9200,23000
Male,1994,10.95,540,940
Male,1994,4.63,6200,15000
Male,1994,6.98,780,1300
Male,1994,0.01,100,100
Male,1994,2.83,1400,3300
Male,1994,0.02,100,100
Male,1994,2.3,1900,3600
Male,1994,5.49,500,930
Male,1994,1.07,500,800
Male,1994,0.09,100,100
Male,1994,4.8,9600,16000
Male,1994,0.88,500,600
Male,1994,0.05,100,200
Male,1994,1.41,1400,7800
Male,1994,3.12,4700,13000
Male,1994,7.86,3400,9100
Male,1994,14.64,8300,22000
Male,1995,11.97,620,1200
Male,1995,3.98,5500,15000
Male,1995,8.06,910,1600
Male,1995,0.01,100,100
Male,1995,2.72,1300,3800
Male,1995,0.04,100,100
Male,1995,2.64,2200,4300
Male,1995,6.29,550,1100
Male,1995,1.06,500,900
Male,1995,0.1,100,100
Male,1995,6.09,12000,22000
Male,1995,0.89,500,660
Male,1995,0.05,100,200
Male,1995,1.33,1400,10000
Male,1995,2.96,4700,13000
Male,1995,6.9,3100,8900
Male,1995,12.29,7300,21000
Male,1996,11.96,660,1300
Male,1996,3.25,4700,14000
Male,1996,8.82,1000,1900
Male,1996,0.01,100,100
Male,1996,2.52,1300,4400
Male,1996,0.07,100,100
Male,1996,2.93,2500,5100
Male,1996,6.71,600,1300
Male,1996,1.02,500,1100
Male,1996,0.1,100,100
Male,1996,7.08,14000,28000
Male,1996,0.91,500,730
Male,1996,0.06,100,200
Male,1996,1.3,1400,13000
Male,1996,2.8,4500,14000
Male,1996,6.25,2900,8800
Male,1996,10.42,6400,19000
Male,1997,11.43,660,1400
Male,1997,2.67,4000,14000
Male,1997,9.12,1000,2100
Male,1997,0.01,100,100
Male,1997,2.38,1200,5300
Male,1997,0.13,100,100
Male,1997,3.21,2800,5900
Male,1997,6.63,610,1500
Male,1997,0.92,500,1300
Male,1997,0.11,100,100
Male,1997,7.57,16000,33000
Male,1997,0.9,500,810
Male,1997,0.06,100,200
Male,1997,1.25,1400,16000
Male,1997,2.6,4300,15000
Male,1997,5.74,2700,8800
Male,1997,8.72,5500,18000
Male,1998,10.49,640,1400
Male,1998,2.22,3500,15000
Male,1998,8.83,1000,2200
Male,1998,0.01,100,100
Male,1998,2.2,1200,6500
Male,1998,0.23,100,100
Male,1998,3.45,3100,6700
Male,1998,6.21,580,1500
Male,1998,0.84,500,1700
Male,1998,0.11,100,200
Male,1998,8.01,18000,38000
Male,1998,0.89,500,900
Male,1998,0.06,100,200
Male,1998,1.2,1300,19000
Male,1998,2.39,4100,15000
Male,1998,5.3,2600,9200
Male,1998,7.62,5000,18000
Male,1999,9.7,610,1400
Male,1999,1.92,3100,16000
Male,1999,8.35,960,2200
Male,1999,0.01,100,100
Male,1999,2.02,1100,8000
Male,1999,0.34,100,100
Male,1999,3.56,3200,7500
Male,1999,5.57,530,1500
Male,1999,0.79,500,2200
Male,1999,0.11,100,200
Male,1999,8.3,19000,42000
Male,1999,0.88,500,1000
Male,1999,0.07,100,500
Male,1999,1.17,1400,22000
Male,1999,2.25,3900,16000
Male,1999,4.97,2500,9800
Male,1999,6.65,4500,19000
Male,2000,8.86,560,1300
Male,2000,1.69,2800,19000
Male,2000,7.63,880,2200
Male,2000,0.01,100,100
Male,2000,1.83,1000,9800
Male,2000,0.45,100,100
Male,2000,3.68,3400,8400
Male,2000,4.97,500,1500
Male,2000,0.72,500,2700
Male,2000,0.1,100,200
Male,2000,8.46,20000,46000
Male,2000,0.84,500,1100
Male,2000,0.07,100,500
Male,2000,1.14,1400,25000
Male,2000,2.1,3700,18000
Male,2000,4.63,2400,11000
Male,2000,5.89,4100,20000
Male,2001,8.39,530,1300
Male,2001,1.5,2600,23000
Male,2001,6.8,790,2200
Male,2001,0.01,100,100
Male,2001,1.64,950,12000
Male,2001,0.52,100,100
Male,2001,3.7,3500,9300
Male,2001,4.46,500,1500
Male,2001,0.66,500,3200
Male,2001,0.09,100,200
Male,2001,8.39,20000,50000
Male,2001,0.83,500,1300
Male,2001,0.07,200,500
Male,2001,1.11,1400,28000
Male,2001,1.99,3600,20000
Male,2001,4.35,2300,12000
Male,2001,5.33,3700,22000
Male,2002,7.94,500,1300
Male,2002,1.35,2400,28000
Male,2002,6.18,720,2300
Male,2002,0.01,100,100
Male,2002,1.49,910,14000
Male,2002,0.56,100,100
Male,2002,3.61,3400,10000
Male,2002,3.99,500,1600
Male,2002,0.59,500,3700
Male,2002,0.09,100,200
Male,2002,8.24,20000,53000
Male,2002,0.76,500,1400
Male,2002,0.07,200,500
Male,2002,1.08,1400,30000
Male,2002,1.87,3500,21000
Male,2002,4.13,2200,13000
Male,2002,4.89,3500,24000
Male,2003,7.54,500,1400
Male,2003,1.24,2200,33000
Male,2003,5.65,650,2500
Male,2003,0.01,100,100
Male,2003,1.37,880,16000
Male,2003,0.56,100,100
Male,2003,3.49,3400,11000
Male,2003,3.63,500,1700
Male,2003,0.45,500,4100
Male,2003,0.08,100,200
Male,2003,7.8,19000,54000
Male,2003,0.75,500,1600
Male,2003,0.07,200,500
Male,2003,1.04,1400,32000
Male,2003,1.77,3400,23000
Male,2003,3.91,2200,14000
Male,2003,4.5,3200,27000
Male,2004,7.19,500,1500
Male,2004,1.15,2100,38000
Male,2004,5.21,600,2700
Male,2004,0.01,100,100
Male,2004,1.26,850,18000
Male,2004,0.54,100,100
Male,2004,3.38,3500,13000
Male,2004,3.39,500,1900
Male,2004,0.39,500,4500
Male,2004,0.07,100,200
Male,2004,7.28,18000,55000
Male,2004,0.74,500,1900
Male,2004,0.06,200,500
Male,2004,1.01,1400,34000
Male,2004,1.67,3300,26000
Male,2004,3.69,2100,16000
Male,2004,4.21,3000,29000
Male,2005,7.01,500,1700
Male,2005,1.07,2000,43000
Male,2005,4.95,570,3000
Male,2005,0.01,100,100
Male,2005,1.17,830,20000
Male,2005,0.5,100,100
Male,2005,3.26,3500,15000
Male,2005,3.13,500,2100
Male,2005,0.35,500,4900
Male,2005,0.06,100,200
Male,2005,6.81,17000,56000
Male,2005,0.72,500,2200
Male,2005,0.05,100,500
Male,2005,1,1400,35000
Male,2005,1.61,3300,28000
Male,2005,3.54,2100,17000
Male,2005,3.93,2800,32000
Male,2006,6.79,500,2000
Male,2006,1.02,1900,48000
Male,2006,4.7,540,3400
Male,2006,0.01,100,100
Male,2006,1.09,800,22000
Male,2006,0.49,100,100
Male,2006,3.22,3700,17000
Male,2006,2.9,500,2400
Male,2006,0.33,200,5400
Male,2006,0.05,100,500
Male,2006,6.39,16000,58000
Male,2006,0.69,500,2400
Male,2006,0.04,100,500
Male,2006,0.98,1400,36000
Male,2006,1.54,3200,30000
Male,2006,3.41,2000,19000
Male,2006,3.7,2600,34000
Male,2007,6.57,500,2300
Male,2007,0.96,1900,52000
Male,2007,4.77,550,3900
Male,2007,0.01,100,100
Male,2007,1.03,780,24000
Male,2007,0.45,100,100
Male,2007,3.23,3900,20000
Male,2007,2.77,500,2800
Male,2007,0.32,200,5800
Male,2007,0.04,100,500
Male,2007,5.99,15000,60000
Male,2007,0.68,500,2800
Male,2007,0.04,100,500
Male,2007,0.99,1500,37000
Male,2007,1.48,3100,32000
Male,2007,3.32,2000,20000
Male,2007,3.5,2500,36000
Male,2008,4.79,500,2500
Male,2008,0.93,1800,56000
Male,2008,4.7,530,4400
Male,2008,0.01,100,100
Male,2008,0.99,760,26000
Male,2008,0.43,100,100
Male,2008,3.24,4100,22000
Male,2008,2.62,500,3100
Male,2008,0.3,200,6200
Male,2008,0.03,100,500
Male,2008,5.62,14000,64000
Male,2008,0.69,500,3100
Male,2008,0.04,100,500
Male,2008,0.98,1500,37000
Male,2008,1.42,3100,34000
Male,2008,3.14,2000,21000
Male,2008,3.38,2400,37000
Male,2009,3.23,500,2700
Male,2009,0.9,1800,59000
Male,2009,4.55,510,4900
Male,2009,0.01,100,100
Male,2009,0.95,750,27000
Male,2009,0.39,100,100
Male,2009,3.26,4400,26000
Male,2009,2.55,500,3500
Male,2009,0.28,200,6500
Male,2009,0.02,100,500
Male,2009,5.3,13000,68000
Male,2009,0.69,500,3400
Male,2009,0.04,100,500
Male,2009,0.94,1500,38000
Male,2009,1.41,3100,36000
Male,2009,3.11,2000,22000
Male,2009,3.26,2300,39000
Male,2010,1.73,200,2800
Male,2010,0.86,1700,61000
Male,2010,4.21,500,5400
Male,2010,0.02,100,100
Male,2010,0.91,730,29000
Male,2010,0.36,100,100
Male,2010,3.28,4600,29000
Male,2010,2.5,500,3900
Male,2010,0.24,200,6800
Male,2010,0.02,100,500
Male,2010,4.96,12000,73000
Male,2010,0.69,500,3700
Male,2010,0.04,100,550
Male,2010,0.9,1500,38000
Male,2010,1.4,3200,37000
Male,2010,3.03,2000,23000
Male,2010,3.14,2200,39000
Male,2011,0.63,100,2900
Male,2011,0.79,1600,62000
Male,2011,3.96,500,5800
Male,2011,0.02,100,100
Male,2011,0.87,700,30000
Male,2011,0.31,100,100
Male,2011,3.26,4700,32000
Male,2011,2.34,500,4200
Male,2011,0.22,100,7100
Male,2011,0.02,100,500
Male,2011,4.58,11000,79000
Male,2011,0.69,500,3900
Male,2011,0.04,100,610
Male,2011,0.85,1400,38000
Male,2011,1.38,3200,39000
Male,2011,2.99,2100,24000
Male,2011,2.78,1900,40000
Male,2012,1.14,100,3200
Male,2012,0.73,1500,61000
Male,2012,3.68,500,6100
Male,2012,0.02,100,100
Male,2012,0.81,670,31000
Male,2012,0.28,100,100
Male,2012,3.23,4800,36000
Male,2012,2.19,500,4500
Male,2012,0.19,100,7300
Male,2012,0.01,100,500
Male,2012,4.18,10000,86000
Male,2012,0.7,500,4100
Male,2012,0.04,100,670
Male,2012,0.8,1400,39000
Male,2012,1.36,3200,40000
Male,2012,2.92,2100,25000
Male,2012,2.52,1700,40000
Male,2013,1.69,200,3500
Male,2013,0.68,1500,61000
Male,2013,3.37,500,6400
Male,2013,0.03,100,200
Male,2013,0.75,630,32000
Male,2013,0.27,100,100
Male,2013,3.18,4900,39000
Male,2013,2.07,500,4700
Male,2013,0.17,100,7500
Male,2013,0.01,100,500
Male,2013,3.8,9000,92000
Male,2013,0.71,500,4300
Male,2013,0.04,100,730
Male,2013,0.73,1300,39000
Male,2013,1.27,3100,41000
Male,2013,2.88,2100,26000
Male,2013,2.34,1600,40000
Male,2014,2.2,200,3800
Male,2014,0.64,1400,59000
Male,2014,3.08,500,6500
Male,2014,0.03,100,200
Male,2014,0.7,610,33000
Male,2014,0.25,100,100
Male,2014,3.07,4800,41000
Male,2014,1.89,500,5000
Male,2014,0.15,100,7700
Male,2014,0.01,100,500
Male,2014,3.47,8100,99000
Male,2014,0.71,500,4400
Male,2014,0.03,100,790
Male,2014,0.65,1200,39000
Male,2014,1.22,3100,41000
Male,2014,2.8,2100,26000
Male,2014,2.15,1500,39000
Male,2015,2.46,200,4100
Male,2015,0.59,1300,58000
Male,2015,2.79,500,6600
Male,2015,0.03,100,200
Male,2015,0.66,590,33000
Male,2015,0.25,100,100
Male,2015,2.96,4700,44000
Male,2015,1.85,500,5100
Male,2015,0.14,100,7900
Male,2015,0.01,100,500
Male,2015,3.15,7200,110000
Male,2015,0.71,500,4500
Male,2015,0.03,100,840
Male,2015,0.59,1200,40000
Male,2015,1.15,3000,42000
Male,2015,2.63,2100,26000
Male,2015,1.98,1400,38000
Male,2016,2.51,200,4300
Male,2016,0.51,1200,57000
Male,2016,2.58,500,6500
Male,2016,0.03,100,200
Male,2016,0.62,580,34000
Male,2016,0.25,100,100
Male,2016,2.82,4600,46000
Male,2016,1.73,500,5200
Male,2016,0.13,100,8000
Male,2016,0.01,100,500
Male,2016,2.8,6300,110000
Male,2016,0.7,500,4500
Male,2016,0.03,100,890
Male,2016,0.55,1200,41000
Male,2016,1.09,2900,43000
Male,2016,2.46,2000,26000
Male,2016,1.83,1300,38000
Male,2017,2.34,200,4500
Male,2017,0.46,1100,55000
Male,2017,2.37,500,6400
Male,2017,0.04,100,200
Male,2017,0.57,550,34000
Male,2017,0.27,100,100
Male,2017,2.68,4400,47000
Male,2017,1.68,200,5300
Male,2017,0.12,100,8000
Male,2017,0.01,100,500
Male,2017,2.42,5400,120000
Male,2017,0.71,500,4600
Male,2017,0.03,100,930
Male,2017,0.5,1100,41000
Male,2017,1.03,2900,43000
Male,2017,2.41,2000,26000
Male,2017,1.66,1200,37000
Male,2018,1.74,200,4600
Male,2018,0.41,1000,53000
Male,2018,2.22,500,6300
Male,2018,0.04,100,200
Male,2018,0.52,510,34000
Male,2018,0.28,100,100
Male,2018,2.55,4300,49000
Male,2018,1.54,200,5400
Male,2018,0.12,100,7900
Male,2018,0.01,100,500
Male,2018,2.07,4600,130000
Male,2018,0.72,500,4600
Male,2018,0.03,100,980
Male,2018,0.45,1000,41000
Male,2018,0.97,2800,43000
Male,2018,2.33,2000,26000
Male,2018,1.46,1100,37000
Male,2019,1.46,100,4600
Male,2019,0.39,1000,50000
Male,2019,2.12,500,6100
Male,2019,0.04,100,500
Male,2019,0.47,500,33000
Male,2019,0.3,100,100
Male,2019,2.43,4200,50000
Male,2019,1.42,200,5500
Male,2019,0.11,100,7700
Male,2019,0.01,100,500
Male,2019,1.81,4000,140000
Male,2019,0.72,500,4600
Male,2019,0.03,100,1000
Male,2019,0.41,980,42000
Male,2019,0.88,2600,42000
Male,2019,2.13,1900,26000
Male,2019,1.43,1100,37000
Female,1990,3.37,1000,2300
Female,1990,1.46,100,100
Female,1990,10.32,1000,2100
Female,1990,,,3600
Female,1990,,,100
Female,1990,0.15,100,200
Female,1990,1.12,6100,13000
Female,1990,0.12,100,100
Female,1990,2.78,600,1400
Female,1990,2.85,570,1400
Female,1991,3.69,1100,2700
Female,1991,1.74,100,100
Female,1991,11.9,1200,2600
Female,1991,,,4000
Female,1991,,,100
Female,1991,0.17,100,200
Female,1991,1.25,6900,16000
Female,1991,0.14,100,200
Female,1991,3.05,660,1600
Female,1991,3.08,630,1600
Female,1992,3.92,1300,3100
Female,1992,2.05,100,100
Female,1992,9.9,960,2700
Female,1992,,,4200
Female,1992,,,100
Female,1992,0.2,100,200
Female,1992,1.36,7700,18000
Female,1992,0.17,100,200
Female,1992,3.35,730,1800
Female,1992,3.46,740,1800
Female,1993,3.93,1300,3400
Female,1993,2.3,100,200
Female,1993,8.85,870,2700
Female,1993,,,4300
Female,1993,,,100
Female,1993,0.23,200,500
Female,1993,1.47,8500,20000
Female,1993,0.2,100,200
Female,1993,3.66,790,2000
Female,1993,3.82,840,2100
Female,1994,3.69,1300,3600
Female,1994,2.62,100,200
Female,1994,7.75,790,2500
Female,1994,,,4400
Female,1994,,,100
Female,1994,0.25,200,500
Female,1994,1.54,9100,23000
Female,1994,0.24,200,500
Female,1994,3.81,820,2100
Female,1994,4.34,990,2500
Female,1995,3.52,1300,3600
Female,1995,2.79,100,200
Female,1995,6.66,720,2400
Female,1995,,,4300
Female,1995,,,100
Female,1995,0.26,200,500
Female,1995,1.56,9400,24000
Female,1995,0.26,200,500
Female,1995,3.73,810,2200
Female,1995,4.64,1100,2900
Female,1996,3.4,1300,3700
Female,1996,2.95,100,200
Female,1996,5.54,650,2300
Female,1996,,,4200
Female,1996,,,100
Female,1996,0.27,200,500
Female,1996,1.56,9600,26000
Female,1996,0.28,200,500
Female,1996,3.86,840,2400
Female,1996,4.94,1200,3300
Female,1997,2.99,1200,3700
Female,1997,3.21,100,200
Female,1997,4.64,590,2100
Female,1997,,,4200
Female,1997,,,100
Female,1997,0.27,200,500
Female,1997,1.55,9700,27000
Female,1997,0.3,200,500
Female,1997,3.66,810,2400
Female,1997,4.95,1300,3700
Female,1998,2.73,1100,3700
Female,1998,3.37,100,500
Female,1998,5.16,710,2200
Female,1998,,,4200
Female,1998,,,100
Female,1998,0.26,200,500
Female,1998,1.51,9700,28000
Female,1998,0.3,200,500
Female,1998,3.56,810,2500
Female,1998,4.72,1200,3900
Female,1999,2.46,1000,3700
Female,1999,3.41,100,500
Female,1999,4.81,700,2300
Female,1999,,,4200
Female,1999,,,100
Female,1999,0.24,200,500
Female,1999,1.45,9500,29000
Female,1999,0.31,200,500
Female,1999,3.54,830,2600
Female,1999,4.16,1100,4000
Female,2000,2.34,1000,3700
Female,2000,3.54,200,500
Female,2000,4.66,710,2400
Female,2000,,,4300
Female,2000,,,100
Female,2000,0.23,200,500
Female,2000,1.4,9300,30000
Female,2000,0.29,200,500
Female,2000,3.36,830,2700
Female,2000,3.78,1000,3900
Female,2001,2.13,960,3900
Female,2001,3.66,200,500
Female,2001,4.05,630,2400
Female,2001,,,4500
Female,2001,,,100
Female,2001,0.2,200,500
Female,2001,1.3,8800,31000
Female,2001,0.28,200,510
Female,2001,3.18,820,2800
Female,2001,3.27,920,3800
Female,2002,1.97,930,4000
Female,2002,3.63,200,500
Female,2002,3.58,560,2400
Female,2002,,,4600
Female,2002,,,100
Female,2002,0.17,200,530
Female,2002,1.24,8500,31000
Female,2002,0.26,200,550
Female,2002,3.15,850,3000
Female,2002,2.88,820,3700
Female,2003,1.96,960,4300
Female,2003,3.74,200,500
Female,2003,3.15,500,2300
Female,2003,,,4800
Female,2003,,,100
Female,2003,0.16,100,570
Female,2003,1.18,8300,33000
Female,2003,0.23,200,580
Female,2003,2.95,830,3100
Female,2003,2.61,760,3600
Female,2004,1.7,870,4500
Female,2004,3.83,200,500
Female,2004,2.94,500,2300
Female,2004,,,5000
Female,2004,,,100
Female,2004,0.13,100,610
Female,2004,1.14,8200,34000
Female,2004,0.2,200,610
Female,2004,2.94,860,3300
Female,2004,2.45,730,3600
Female,2005,1.69,900,4800
Female,2005,3.86,200,500
Female,2005,2.81,500,2300
Female,2005,,,5200
Female,2005,,,100
Female,2005,0.12,100,670
Female,2005,1.1,8100,36000
Female,2005,0.18,200,660
Female,2005,2.82,860,3400
Female,2005,2.34,700,3700
Female,2006,1.53,840,5000
Female,2006,3.99,200,500
Female,2006,2.67,500,2400
Female,2006,,,5400
Female,2006,,,100
Female,2006,0.09,100,730
Female,2006,1.08,8100,39000
Female,2006,0.15,100,700
Female,2006,2.77,860,3600
Female,2006,2.25,680,3800
Female,2007,1.48,850,5300
Female,2007,4.08,200,500
Female,2007,2.54,500,2400
Female,2007,,,5600
Female,2007,,,100
Female,2007,0.08,100,810
Female,2007,1.07,8200,41000
Female,2007,0.13,100,760
Female,2007,2.76,880,3800
Female,2007,2.16,670,4000
Female,2008,1.4,840,5600
Female,2008,4.05,200,510
Female,2008,2.48,500,2500
Female,2008,,,5900
Female,2008,,,100
Female,2008,0.07,100,890
Female,2008,1.06,8400,44000
Female,2008,0.1,100,830
Female,2008,2.69,880,3900
Female,2008,2.07,640,4200
Female,2009,1.23,760,5800
Female,2009,4.27,200,560
Female,2009,2.37,500,2600
Female,2009,,,6100
Female,2009,,,200
Female,2009,0.07,100,980
Female,2009,1.01,8200,47000
Female,2009,0.08,100,910
Female,2009,2.62,880,4100
Female,2009,1.95,620,4300
Female,2010,1.16,750,5900
Female,2010,4.37,200,610
Female,2010,2.1,200,910
Female,2010,2.24,500,2600
Female,2010,,,6300
Female,2010,,,200
Female,2010,0.05,100,1100
Female,2010,0.99,8300,49000
Female,2010,0.07,100,1000
Female,2010,2.53,870,4200
Female,2010,1.77,570,4400
Female,2011,1.07,710,6100
Female,2011,4.52,200,660
Female,2011,2.01,200,970
Female,2011,2.11,500,2700
Female,2011,,,6500
Female,2011,,,200
Female,2011,0.05,100,1200
Female,2011,0.97,8300,51000
Female,2011,0.06,100,1100
Female,2011,2.45,860,4300
Female,2011,1.59,520,4600
Female,2012,1.03,720,6200
Female,2012,4.6,200,720
Female,2012,1.92,200,1000
Female,2012,1.99,500,2700
Female,2012,,,6600
Female,2012,,,200
Female,2012,0.05,100,1200
Female,2012,0.96,8400,54000
Female,2012,0.06,100,1200
Female,2012,2.37,850,4400
Female,2012,1.46,500,4600
Female,2013,0.99,710,6300
Female,2013,4.57,500,770
Female,2013,1.82,200,1100
Female,2013,1.9,500,2600
Female,2013,,,6700
Female,2013,,,200
Female,2013,0.05,100,1300
Female,2013,0.9,8100,55000
Female,2013,0.05,100,1200
Female,2013,2.32,850,4500
Female,2013,1.36,500,4700
Female,2014,0.94,700,6300
Female,2014,4.38,500,820
Female,2014,1.73,200,1100
Female,2014,1.8,500,2600
Female,2014,,,6800
Female,2014,,,200
Female,2014,0.04,100,1300
Female,2014,0.81,7500,56000
Female,2014,0.05,100,1300
Female,2014,2.28,850,4600
Female,2014,1.31,500,4700
Female,2015,0.86,660,6300
Female,2015,4.44,500,870
Female,2015,1.62,200,1200
Female,2015,1.73,500,2600
Female,2015,,,7000
Female,2015,,,200
Female,2015,0.04,100,1400
Female,2015,0.76,7200,57000
Female,2015,0.05,100,1300
Female,2015,2.23,850,4700
Female,2015,1.27,500,4800
Female,2016,0.76,610,6200
Female,2016,4.54,500,930
Female,2016,1.51,200,1200
Female,2016,1.64,500,2500
Female,2016,,,7000
Female,2016,,,200
Female,2016,0.04,100,1400
Female,2016,0.73,7100,57000
Female,2016,0.05,100,1400
Female,2016,2.15,840,4800
Female,2016,1.21,500,4900
Female,2017,0.75,620,6100
Female,2017,4.47,500,980
Female,2017,1.39,200,1200
Female,2017,1.54,500,2500
Female,2017,,,7100
Female,2017,,,200
Female,2017,0.03,100,1400
Female,2017,0.71,7100,57000
Female,2017,0.04,100,1400
Female,2017,2.04,820,4800
Female,2017,1.11,500,4900
Female,2018,0.73,630,6000
Female,2018,4.26,500,1000
Female,2018,1.31,200,1200
Female,2018,1.39,500,2400
Female,2018,,,7200
Female,2018,,,200
Female,2018,0.03,100,1300
Female,2018,0.69,7100,57000
Female,2018,0.04,100,1400
Female,2018,1.89,780,4700
Female,2018,1.01,500,4800
Female,2019,0.67,600,5900
Female,2019,4.3,500,1100
Female,2019,1.2,200,1200
Female,2019,1.27,500,2300
Female,2019,,,7300
Female,2019,,,200
Female,2019,0.03,100,1300
Female,2019,0.68,7100,58000
Female,2019,0.04,100,1400
Female,2019,1.78,750,4700
Female,2019,0.94,500,4700
Male,1990,1.06,500,660
Male,1990,0.66,100,100
Male,1990,4.75,500,1000
Male,1990,,,1000
Male,1990,,,100
Male,1990,0.04,100,100
Male,1990,0.65,3700,8000
Male,1990,0.04,100,100
Male,1990,1.17,500,570
Male,1990,0.51,200,500
Male,1991,1.13,500,770
Male,1991,0.78,100,100
Male,1991,5.34,530,1200
Male,1991,,,1100
Male,1991,,,100
Male,1991,0.05,100,100
Male,1991,0.7,4100,9100
Male,1991,0.05,100,100
Male,1991,1.25,500,650
Male,1991,0.54,200,500
Male,1992,1.19,500,870
Male,1992,0.88,100,100
Male,1992,4.36,500,1200
Male,1992,,,1200
Male,1992,,,100
Male,1992,0.07,100,100
Male,1992,0.75,4400,10000
Male,1992,0.06,100,100
Male,1992,1.34,500,720
Male,1992,0.6,200,500
Male,1993,1.17,500,960
Male,1993,0.99,100,100
Male,1993,3.84,500,1200
Male,1993,,,1200
Male,1993,,,100
Male,1993,0.08,100,100
Male,1993,0.79,4800,11000
Male,1993,0.07,100,100
Male,1993,1.45,500,790
Male,1993,0.65,200,500
Male,1994,1.1,500,1000
Male,1994,1.08,100,100
Male,1994,3.32,500,1100
Male,1994,,,1300
Male,1994,,,100
Male,1994,0.09,100,100
Male,1994,0.83,5100,12000
Male,1994,0.08,100,100
Male,1994,1.48,500,850
Male,1994,0.73,200,550
Male,1995,1.04,500,1100
Male,1995,1.17,100,100
Male,1995,2.83,500,1000
Male,1995,,,1300
Male,1995,,,100
Male,1995,0.09,100,200
Male,1995,0.82,5200,13000
Male,1995,0.09,100,100
Male,1995,1.44,500,890
Male,1995,0.78,200,690
Male,1996,1,500,1100
Male,1996,1.22,100,100
Male,1996,2.34,500,990
Male,1996,,,1400
Male,1996,,,100
Male,1996,0.09,100,200
Male,1996,0.8,5100,14000
Male,1996,0.1,100,200
Male,1996,1.48,500,940
Male,1996,0.82,500,830
Male,1997,0.88,500,1200
Male,1997,1.3,100,100
Male,1997,1.94,500,950
Male,1997,,,1400
Male,1997,,,100
Male,1997,0.09,100,200
Male,1997,0.76,5000,15000
Male,1997,0.1,100,200
Male,1997,1.4,500,980
Male,1997,0.82,500,980
Male,1998,0.8,500,1300
Male,1998,1.33,100,100
Male,1998,2.17,500,1000
Male,1998,,,1600
Male,1998,,,100
Male,1998,0.09,100,200
Male,1998,0.72,4800,15000
Male,1998,0.11,100,200
Male,1998,1.35,500,1000
Male,1998,0.78,500,1100
Male,1999,0.72,500,1400
Male,1999,1.35,100,200
Male,1999,2.02,500,1100
Male,1999,,,1700
Male,1999,,,100
Male,1999,0.08,100,200
Male,1999,0.66,4500,16000
Male,1999,0.11,100,200
Male,1999,1.35,500,1100
Male,1999,0.69,200,1200
Male,2000,0.69,500,1600
Male,2000,1.41,100,200
Male,2000,1.96,500,1200
Male,2000,,,2000
Male,2000,,,100
Male,2000,0.07,100,500
Male,2000,0.63,4400,17000
Male,2000,0.1,100,500
Male,2000,1.29,500,1200
Male,2000,0.63,200,1300
Male,2001,0.63,500,1800
Male,2001,1.46,100,200
Male,2001,1.7,500,1300
Male,2001,,,2200
Male,2001,,,100
Male,2001,0.06,100,500
Male,2001,0.57,4100,18000
Male,2001,0.1,100,500
Male,2001,1.22,500,1300
Male,2001,0.54,200,1400
Male,2002,0.58,500,2000
Male,2002,1.44,100,200
Male,2002,1.5,500,1400
Male,2002,,,2400
Male,2002,,,100
Male,2002,0.05,100,500
Male,2002,0.53,3900,19000
Male,2002,0.09,100,500
Male,2002,1.2,500,1400
Male,2002,0.47,200,1500
Male,2003,0.57,500,2300
Male,2003,1.48,100,200
Male,2003,1.32,500,1400
Male,2003,,,2700
Male,2003,,,100
Male,2003,0.05,100,500
Male,2003,0.51,3800,20000
Male,2003,0.08,100,500
Male,2003,1.13,500,1600
Male,2003,0.43,200,1600
Male,2004,0.5,500,2600
Male,2004,1.49,100,200
Male,2004,1.23,500,1500
Male,2004,,,2900
Male,2004,,,100
Male,2004,0.04,100,500
Male,2004,0.49,3700,23000
Male,2004,0.07,100,500
Male,2004,1.13,500,1700
Male,2004,0.4,200,1800
Male,2005,0.5,500,2900
Male,2005,1.49,100,500
Male,2005,1.17,200,1500
Male,2005,,,3200
Male,2005,,,100
Male,2005,0.03,100,530
Male,2005,0.48,3700,25000
Male,2005,0.06,100,500
Male,2005,1.08,500,1900
Male,2005,0.38,200,2000
Male,2006,0.45,500,3200
Male,2006,1.55,100,500
Male,2006,1.11,200,1600
Male,2006,,,3400
Male,2006,,,100
Male,2006,0.03,100,620
Male,2006,0.47,3700,28000
Male,2006,0.05,100,530
Male,2006,1.06,500,2100
Male,2006,0.37,200,2200
Male,2007,0.44,500,3600
Male,2007,1.58,100,500
Male,2007,1.06,200,1700
Male,2007,,,3600
Male,2007,,,100
Male,2007,0.02,100,710
Male,2007,0.46,3700,30000
Male,2007,0.05,100,610
Male,2007,1.05,500,2200
Male,2007,0.35,200,2400
Male,2008,0.41,500,3900
Male,2008,1.58,100,500
Male,2008,1.03,200,1800
Male,2008,,,3800
Male,2008,,,100
Male,2008,0.02,100,810
Male,2008,0.45,3800,33000
Male,2008,0.04,100,710
Male,2008,1.03,500,2400
Male,2008,0.33,200,2600
Male,2009,0.36,500,4100
Male,2009,1.67,100,500
Male,2009,0.98,200,1900
Male,2009,,,4000
Male,2009,,,100
Male,2009,0.01,100,910
Male,2009,0.42,3600,36000
Male,2009,0.03,100,810
Male,2009,1,500,2500
Male,2009,0.31,200,2900
Male,2010,0.34,500,4400
Male,2010,1.7,100,500
Male,2010,0.91,100,630
Male,2010,0.92,200,2000
Male,2010,,,4200
Male,2010,,,200
Male,2010,0.01,100,1000
Male,2010,0.41,3600,38000
Male,2010,0.03,100,910
Male,2010,0.97,500,2600
Male,2010,0.28,100,3100
Male,2011,0.32,500,4600
Male,2011,1.77,100,500
Male,2011,0.86,100,700
Male,2011,0.87,200,2000
Male,2011,,,4300
Male,2011,,,200
Male,2011,0.01,100,1100
Male,2011,0.4,3600,40000
Male,2011,0.02,100,1000
Male,2011,0.94,500,2800
Male,2011,0.25,100,3300
Male,2012,0.31,500,4700
Male,2012,1.79,100,500
Male,2012,0.82,100,770
Male,2012,0.82,200,2000
Male,2012,,,4400
Male,2012,,,200
Male,2012,0.01,100,1200
Male,2012,0.38,3600,42000
Male,2012,0.02,100,1100
Male,2012,0.9,500,2900
Male,2012,0.23,100,3400
Male,2013,0.29,500,4800
Male,2013,1.79,100,500
Male,2013,0.78,100,830
Male,2013,0.78,200,2000
Male,2013,,,4400
Male,2013,,,200
Male,2013,0.01,100,1200
Male,2013,0.36,3400,44000
Male,2013,0.02,100,1200
Male,2013,0.89,500,3000
Male,2013,0.21,100,3500
Male,2014,0.28,500,4900
Male,2014,1.7,100,510
Male,2014,0.74,100,880
Male,2014,0.75,200,2000
Male,2014,,,4500
Male,2014,,,200
Male,2014,0.01,100,1300
Male,2014,0.33,3200,45000
Male,2014,0.02,100,1200
Male,2014,0.87,500,3100
Male,2014,0.2,100,3600
Male,2015,0.25,200,4900
Male,2015,1.73,100,540
Male,2015,0.7,100,920
Male,2015,0.71,200,1900
Male,2015,,,4500
Male,2015,,,200
Male,2015,0.01,100,1300
Male,2015,0.31,3100,47000
Male,2015,0.02,100,1300
Male,2015,0.85,500,3100
Male,2015,0.2,100,3700
Male,2016,0.22,200,4800
Male,2016,1.77,100,580
Male,2016,0.64,100,940
Male,2016,0.68,200,1900
Male,2016,,,4500
Male,2016,,,200
Male,2016,0.01,100,1300
Male,2016,0.3,3100,47000
Male,2016,0.02,100,1300
Male,2016,0.82,500,3200
Male,2016,0.19,100,3700
Male,2017,0.22,200,4800
Male,2017,1.72,100,610
Male,2017,0.59,100,960
Male,2017,0.64,200,1900
Male,2017,,,4600
Male,2017,,,200
Male,2017,0.01,100,1300
Male,2017,0.29,3100,48000
Male,2017,0.01,100,1400
Male,2017,0.77,500,3200
Male,2017,0.17,100,3700
Male,2018,0.22,200,4700
Male,2018,1.64,100,650
Male,2018,0.56,100,970
Male,2018,0.58,200,1800
Male,2018,,,4700
Male,2018,,,200
Male,2018,0.01,100,1300
Male,2018,0.28,3100,49000
Male,2018,0.01,100,1400
Male,2018,0.72,500,3200
Male,2018,0.16,100,3700
Male,2019,0.2,200,4600
Male,2019,1.67,100,690
Male,2019,0.51,100,980
Male,2019,0.53,200,1800
Male,2019,,,4800
Male,2019,,,200
Male,2019,0.01,100,1200
Male,2019,0.28,3100,49000
Male,2019,0.01,100,1400
Male,2019,0.68,500,3200
Male,2019,0.15,100,3700
